,driver_id,user_id,vehicle_make,vehicle_model,vehicle_year,license_plate,rating,join_date,is_active,user_id,name,email,phone,city,date_joined,is_driver
0,1,1781,Kia,Soul,2015,ZVJ-2140,4.1,2019-12-22,1,1781,Larry Sanders,larry.sanders@yahoo.com,+1-262-831-5244,Los Angeles,2019-02-03,1
1,2,408,Hyundai,Tucson,2016,WLW-3906,4.21,2020-12-14,1,408,Jeffrey Ramirez,jeffrey.ramirez@hotmail.com,+1-474-430-5646,Los Angeles,2022-01-25,1
2,3,693,Hyundai,Sonata,2014,WEA-5140,3.81,2023-07-25,1,693,Kimberly Lewis,kimberly.lewis@icloud.com,+1-399-565-7618,New York,2020-06-18,1
3,4,187,Nissan,Rogue,2021,KDE-9978,4.82,2020-01-11,1,187,David Rogers,david.rogers@protonmail.com,+1-376-140-5059,Houston,2021-06-18,1
4,5,1499,Ford,Fusion,2019,EKJ-8600,3.3,2023-07-15,0,1499,Nicholas Campbell,nicholas.campbell@outlook.com,+1-511-214-2587,New York,2022-10-30,1
5,6,1894,Ford,Explorer,2012,NUT-1132,3.6,2022-01-30,1,1894,Eric Jackson,eric.jackson@protonmail.com,+1-473-185-3827,Houston,2019-04-02,1
6,7,1948,Subaru,Legacy,2020,LWV-0482,4.31,2022-11-08,1,1948,John White,john.white@protonmail.com,+1-463-838-2298,Houston,2024-05-30,1
7,8,639,Honda,Pilot,2019,TWE-2192,2.66,2021-09-05,0,639,Larry Martinez,larry.martinez@outlook.com,+1-887-168-5107,New York,2020-02-09,1
8,9,564,Nissan,Maxima,2013,FGT-3745,4.98,2020-11-28,1,564,Susan Cook,susan.cook@yahoo.com,+1-823-304-5308,Chicago,2021-01-03,1
9,10,1955,Ford,Escape,2018,JDT-8776,4.97,2019-06-30,1,1955,Andrew Morales,andrew.morales@protonmail.com,+1-823-946-8547,Houston,2022-07-24,1
10,11,97,Ford,Fusion,2015,DHP-4368,4.18,2020-08-13,1,97,Thomas Torres,thomas.torres@hotmail.com,+1-915-596-2989,New York,2024-06-16,1
11,12,286,Subaru,Crosstrek,2016,PCG-7938,4.71,2022-02-23,1,286,Pamela Robinson,pamela.robinson@icloud.com,+1-956-840-1611,Chicago,2021-05-05,1
12,13,941,Mazda,CX-9,2022,CWU-2740,3.64,2021-12-23,1,941,Amy Martin,amy.martin@protonmail.com,+1-855-100-1619,Houston,2020-06-29,1
13,14,1197,Honda,Accord,2020,TDJ-4599,3.77,2022-04-12,1,1197,Mary Sanders,mary.sanders@icloud.com,+1-271-186-6542,Los Angeles,2021-04-02,1
14,15,585,Chevrolet,Equinox,2022,FAT-3618,4.7,2021-06-12,1,585,Diane James,diane.james@gmail.com,+1-305-513-7755,New York,2022-02-15,1
15,16,1547,Mazda,Mazda6,2023,YNJ-1166,4.63,2020-04-07,1,1547,Jacob Jackson,jacob.jackson1@icloud.com,+1-631-348-4452,Chicago,2019-04-25,1
16,17,602,Mazda,MX-5,2018,WGZ-9299,4.2,2020-03-05,1,602,Emma Myers,emma.myers@protonmail.com,+1-530-827-2890,Los Angeles,2022-02-25,1
17,18,908,Nissan,Altima,2013,GPH-9690,3.72,2020-04-24,1,908,Emma Howard,emma.howard@outlook.com,+1-234-138-8917,Los Angeles,2019-08-20,1
18,19,1590,Chevrolet,Silverado,2014,RKE-8092,3.69,2023-07-24,1,1590,Betty Hall,betty.hall@hotmail.com,+1-693-586-9773,Chicago,2024-05-31,1
19,20,1196,Tesla,Model Y,2015,LSU-0131,4.21,2023-02-12,1,1196,Jason Flores,jason.flores@icloud.com,+1-898-470-1487,Houston,2019-10-26,1
20,21,117,Subaru,Impreza,2013,NQD-8778,3.56,2020-11-05,1,117,David Wood,david.wood@hotmail.com,+1-834-799-4945,Houston,2024-02-13,1
21,22,179,Honda,Pilot,2018,QXS-7721,4.4,2022-10-09,1,179,Raymond Jackson,raymond.jackson@yahoo.com,+1-305-249-5193,Chicago,2019-12-22,1
22,23,705,Hyundai,Elantra,2022,MSL-0178,4.86,2023-01-02,1,705,Emma Garcia,emma.garcia@hotmail.com,+1-580-735-6167,Houston,2024-01-14,1
23,24,136,Mazda,CX-5,2018,SGJ-0745,4.15,2020-11-26,1,136,Stephen Moore,stephen.moore@hotmail.com,+1-664-479-9850,Houston,2022-04-17,1
24,25,1477,Honda,Pilot,2020,QPQ-8601,4.46,2019-12-19,1,1477,George Ross,george.ross@yahoo.com,+1-611-463-1145,New York,2021-06-01,1
25,26,948,Tesla,Model 3,2013,ZFP-7687,3.6,2021-11-18,0,948,Susan Brooks,susan.brooks@protonmail.com,+1-567-598-2390,Houston,2023-02-14,1
26,27,436,Subaru,Crosstrek,2020,AKV-7492,4.45,2021-04-04,1,436,Jonathan Ross,jonathan.ross@outlook.com,+1-370-480-3079,Los Angeles,2023-02-10,1
27,28,1965,Honda,CR-V,2018,VTW-2839,4.17,2019-09-06,1,1965,Jack Evans,jack.evans@icloud.com,+1-618-460-4567,Houston,2024-01-19,1
28,29,1248,Hyundai,Santa Fe,2023,ZGV-2753,4.02,2023-12-27,1,1248,Sarah Ross,sarah.ross@icloud.com,+1-486-999-8077,Chicago,2022-06-04,1
29,30,199,Ford,Explorer,2013,JQT-8281,4.46,2021-03-02,1,199,Frank Ross,frank.ross@yahoo.com,+1-654-725-5668,Houston,2020-04-24,1
30,31,1828,Tesla,Model X,2022,EKG-7388,4.94,2021-03-23,1,1828,Nicholas Rivera,nicholas.rivera@protonmail.com,+1-601-712-6851,Houston,2020-08-28,1
31,32,40,Toyota,Camry,2015,PXS-5753,3.8,2019-12-03,1,40,Donald Scott,donald.scott@hotmail.com,+1-279-830-5681,Chicago,2020-07-10,1
32,33,327,Tesla,Model X,2016,DJJ-1387,4.7,2022-11-08,1,327,Michelle Torres,michelle.torres@hotmail.com,+1-677-646-6886,Los Angeles,2020-06-19,1
33,34,1001,Tesla,Model 3,2017,ZLA-5624,4.97,2020-10-15,1,1001,Charles Cook,charles.cook@yahoo.com,+1-409-633-1371,Los Angeles,2021-05-03,1
34,35,256,Chevrolet,Silverado,2022,VDH-9844,5.0,2020-06-28,1,256,Cynthia Cook,cynthia.cook@outlook.com,+1-709-123-2475,Houston,2021-11-01,1
35,36,1438,Kia,Soul,2020,PRX-9779,3.9,2021-06-28,1,1438,Kathleen Gray,kathleen.gray@protonmail.com,+1-644-405-3051,New York,2020-10-28,1
36,37,430,Hyundai,Elantra,2017,NBS-3877,3.64,2023-10-24,1,430,Catherine Evans,catherine.evans@gmail.com,+1-855-649-9808,Chicago,2020-07-22,1
37,38,498,Mazda,CX-9,2020,HVQ-7765,4.2,2022-08-20,1,498,Sharon Lee,sharon.lee@gmail.com,+1-303-439-4367,Chicago,2021-04-18,1
38,39,1700,Toyota,Prius,2021,LQB-9046,4.21,2023-05-17,1,1700,Samuel Morris,samuel.morris@icloud.com,+1-387-484-8158,New York,2019-10-11,1
39,40,1170,Ford,Fusion,2022,JYG-2805,4.65,2020-02-29,1,1170,Samuel Reed,samuel.reed@yahoo.com,+1-288-408-8592,Chicago,2021-08-28,1
40,41,55,Kia,Soul,2022,LNS-3589,4.31,2023-03-27,1,55,Anna Richardson,anna.richardson@protonmail.com,+1-935-217-3683,Los Angeles,2019-08-10,1
41,42,630,Tesla,Model S,2012,ZBU-5700,3.74,2020-07-03,1,630,Diane Ward,diane.ward@gmail.com,+1-917-968-2189,Los Angeles,2024-03-15,1
42,43,1352,Chevrolet,Impala,2014,WAY-7304,4.53,2023-12-05,1,1352,Emma Phillips,emma.phillips@hotmail.com,+1-323-337-4502,New York,2020-12-31,1
43,44,284,Kia,Sportage,2023,MWE-3142,2.94,2020-07-15,0,284,Sarah Smith,sarah.smith@icloud.com,+1-361-516-8793,Houston,2022-08-25,1
44,45,1519,Chevrolet,Traverse,2022,RJU-5069,3.13,2020-05-11,0,1519,Diane Myers,diane.myers@hotmail.com,+1-869-363-4377,Houston,2020-03-27,1
45,46,834,Toyota,Highlander,2012,AKA-9589,4.43,2020-06-07,1,834,Scott Long,scott.long@icloud.com,+1-338-502-7775,Los Angeles,2021-07-12,1
46,47,1041,Mazda,Mazda6,2017,CSD-3148,4.26,2023-12-24,1,1041,Jacob Martinez,jacob.martinez@gmail.com,+1-334-117-8856,Los Angeles,2020-09-30,1
47,48,1763,Subaru,Outback,2021,ANY-9832,3.77,2022-04-27,1,1763,Joseph Williams,joseph.williams@hotmail.com,+1-234-376-5554,Houston,2020-09-07,1
48,49,608,Ford,Fusion,2019,EDQ-3468,4.92,2023-03-01,1,608,Angela Long,angela.long@outlook.com,+1-909-780-1769,Houston,2021-03-04,1
49,50,1471,Mazda,Mazda3,2017,FDZ-4700,4.22,2023-02-10,1,1471,Lisa Hughes,lisa.hughes@icloud.com,+1-430-279-2230,Los Angeles,2023-09-16,1
50,51,822,Tesla,Model 3,2020,CRX-5757,3.92,2020-03-04,1,822,Sandra Robinson,sandra.robinson@protonmail.com,+1-226-467-2302,Houston,2019-10-02,1
51,52,742,Subaru,Forester,2016,YLL-0015,3.96,2023-10-28,1,742,Emily Anderson,emily.anderson@protonmail.com,+1-666-732-8418,Los Angeles,2022-12-05,1
52,53,789,Nissan,Altima,2020,VEC-8751,3.57,2019-07-28,1,789,Sharon Torres,sharon.torres@gmail.com,+1-988-332-1187,Houston,2019-04-21,1
53,54,867,Toyota,RAV4,2018,EZB-8875,4.06,2023-05-02,1,867,Jason Lopez,jason.lopez@hotmail.com,+1-443-480-8404,Los Angeles,2020-03-18,1
54,55,1575,Toyota,Corolla,2013,LEF-3745,3.57,2021-07-21,1,1575,Gary Allen,gary.allen@hotmail.com,+1-865-243-3031,Houston,2019-03-23,1
55,56,919,Chevrolet,Malibu,2016,AFV-8998,4.76,2019-08-31,1,919,Laura Mitchell,laura.mitchell@yahoo.com,+1-467-901-4869,Houston,2020-01-06,1
56,57,1181,Ford,F-150,2021,FSX-4586,4.82,2023-07-18,1,1181,Christopher Watson,christopher.watson@yahoo.com,+1-489-807-2412,Houston,2019-09-22,1
57,58,1150,Nissan,Pathfinder,2023,AVK-8172,3.68,2019-08-25,0,1150,Anna Carter,anna.carter@gmail.com,+1-608-361-3916,Chicago,2024-05-30,1
58,59,1430,Subaru,Forester,2022,SBC-1705,4.61,2023-03-26,1,1430,Pamela Wilson,pamela.wilson@protonmail.com,+1-351-485-7997,Chicago,2024-03-11,1
59,60,314,Kia,Sorento,2020,GWG-7382,3.94,2020-07-16,0,314,Jennifer Evans,jennifer.evans@hotmail.com,+1-439-652-4559,New York,2019-10-14,1
60,61,66,Ford,Mustang,2012,MCF-8178,4.42,2021-11-14,1,66,Donald Ross,donald.ross@hotmail.com,+1-700-668-4937,Houston,2022-08-15,1
61,62,1972,Ford,Explorer,2021,URN-9770,2.76,2020-10-26,0,1972,John Adams,john.adams@icloud.com,+1-455-270-8731,New York,2024-05-03,1
62,63,351,Ford,Escape,2019,ERK-1201,4.49,2021-11-15,1,351,Nancy Price,nancy.price@icloud.com,+1-876-489-2404,Los Angeles,2023-06-23,1
63,64,1672,Toyota,Prius,2013,WQG-1531,3.38,2019-07-06,0,1672,Richard Lewis,richard.lewis@protonmail.com,+1-908-374-9112,Chicago,2019-12-17,1
64,65,1437,Tesla,Model Y,2023,YJD-1235,4.65,2020-02-01,1,1437,Emma Howard,emma.howard@icloud.com,+1-691-380-2549,Chicago,2021-02-25,1
65,66,201,Chevrolet,Malibu,2021,PAV-4536,4.87,2020-09-29,1,201,Pamela Edwards,pamela.edwards@hotmail.com,+1-987-388-7256,Houston,2024-06-01,1
66,67,959,Subaru,Crosstrek,2016,JZL-9153,4.46,2020-05-23,1,959,Daniel Nelson,daniel.nelson@gmail.com,+1-323-380-3314,Houston,2019-12-11,1
67,68,1825,Kia,Sorento,2014,JAV-1475,4.1,2022-12-05,1,1825,Nicholas Gomez,nicholas.gomez@icloud.com,+1-413-827-3918,New York,2021-05-06,1
68,69,986,Hyundai,Elantra,2018,LLT-4333,4.58,2020-07-26,1,986,Donald Hernandez,donald.hernandez@icloud.com,+1-971-112-7662,Chicago,2019-09-29,1
69,70,782,Chevrolet,Equinox,2023,EEW-6695,4.11,2023-01-09,1,782,John Peterson,john.peterson@yahoo.com,+1-509-106-5920,Chicago,2020-03-15,1
70,71,1517,Nissan,Sentra,2018,DCR-3876,2.87,2022-07-04,0,1517,Benjamin Nguyen,benjamin.nguyen@outlook.com,+1-258-740-1170,Los Angeles,2020-03-25,1
71,72,1492,Ford,Explorer,2020,LYA-2519,4.65,2023-01-04,1,1492,Emma Brooks,emma.brooks@protonmail.com,+1-352-334-2973,Chicago,2021-04-01,1
72,73,759,Kia,Stinger,2015,DHF-7746,4.3,2022-12-08,1,759,Sandra Green,sandra.green@icloud.com,+1-860-874-6690,Houston,2023-02-10,1
73,74,1084,Toyota,Camry,2013,CAW-0839,3.73,2020-08-10,1,1084,Nicholas Gonzalez,nicholas.gonzalez@protonmail.com,+1-891-310-6504,Houston,2021-10-26,1
74,75,1324,Nissan,Altima,2017,QHX-4313,3.74,2020-04-07,1,1324,Larry Thompson,larry.thompson@gmail.com,+1-905-717-9005,New York,2020-01-18,1
75,76,1301,Ford,Explorer,2013,NQD-5496,4.96,2023-02-19,1,1301,Jonathan Morris,jonathan.morris@yahoo.com,+1-529-829-7125,Houston,2023-01-05,1
76,77,434,Ford,Explorer,2013,UDK-3106,4.9,2022-09-10,1,434,Jacob Wood,jacob.wood@icloud.com,+1-256-416-3877,New York,2019-01-26,1
77,78,218,Tesla,Model Y,2019,XZY-5898,2.73,2021-02-04,0,218,Kathleen Brooks,kathleen.brooks@yahoo.com,+1-338-164-8498,New York,2020-08-23,1
78,79,1687,Kia,Soul,2013,ZUS-9379,3.52,2023-11-24,0,1687,Shirley Thompson,shirley.thompson@outlook.com,+1-895-457-6426,Houston,2022-04-21,1
79,80,1814,Subaru,Outback,2021,XLE-8125,4.23,2020-05-07,1,1814,Brandon Garcia,brandon.garcia@icloud.com,+1-750-918-4197,New York,2021-09-27,1
80,81,512,Toyota,Corolla,2023,HLL-0774,3.44,2020-02-23,0,512,Heather Rodriguez,heather.rodriguez@gmail.com,+1-597-669-7510,Los Angeles,2023-10-21,1
81,82,1328,Tesla,Model 3,2023,PHE-4362,4.05,2022-04-15,1,1328,Diane Rodriguez,diane.rodriguez@hotmail.com,+1-411-233-4369,Los Angeles,2021-06-04,1
82,83,7,Kia,Sportage,2023,JYT-5429,3.63,2023-02-24,1,7,Andrew Lee,andrew.lee@hotmail.com,+1-756-820-5956,New York,2022-09-29,1
83,84,1699,Hyundai,Ioniq,2013,ADU-2105,3.63,2019-11-02,1,1699,Rebecca Bell,rebecca.bell@yahoo.com,+1-508-412-2402,Los Angeles,2022-03-06,1
84,85,1937,Toyota,Camry,2023,VWQ-1684,4.68,2020-01-03,1,1937,Stephen Roberts,stephen.roberts@protonmail.com,+1-281-253-1113,Los Angeles,2024-04-25,1
85,86,741,Tesla,Model 3,2012,SET-0090,3.85,2019-09-11,1,741,Diane Reed,diane.reed@outlook.com,+1-622-292-2121,Chicago,2019-10-07,1
86,87,194,Honda,Pilot,2017,REV-7474,4.39,2019-10-04,1,194,Carolyn Parker,carolyn.parker@icloud.com,+1-570-118-6940,Los Angeles,2020-01-05,1
87,88,1941,Subaru,Forester,2020,AEE-1596,3.61,2020-06-18,1,1941,Emily Brown,emily.brown@icloud.com,+1-473-283-5804,Los Angeles,2021-05-04,1
88,89,868,Hyundai,Elantra,2014,KWH-4622,3.86,2019-06-15,1,868,Shirley Hill,shirley.hill@yahoo.com,+1-314-483-1612,Chicago,2024-02-14,1
89,90,119,Nissan,Rogue,2014,BBJ-7680,4.57,2019-06-25,1,119,Carolyn Johnson,carolyn.johnson@hotmail.com,+1-494-793-9955,Chicago,2019-06-01,1
90,91,1812,Honda,CR-V,2021,UXS-6957,4.04,2023-12-17,1,1812,Mark Perez,mark.perez@outlook.com,+1-465-720-2738,Chicago,2022-09-26,1
91,92,549,Subaru,Impreza,2019,HMP-7216,4.82,2021-03-26,1,549,Daniel Green,daniel.green@protonmail.com,+1-259-104-8406,Los Angeles,2020-03-04,1
92,93,1286,Kia,Sportage,2019,LDU-4013,4.45,2021-08-27,1,1286,Christopher Wilson,christopher.wilson@hotmail.com,+1-243-607-4594,New York,2022-08-01,1
93,94,1088,Hyundai,Sonata,2018,URE-5103,4.01,2019-07-15,1,1088,Carol Wright,carol.wright@gmail.com,+1-780-920-9700,Houston,2021-05-24,1
94,95,1558,Subaru,Legacy,2014,HYP-2474,3.74,2023-02-23,1,1558,Nancy Sullivan,nancy.sullivan@icloud.com,+1-819-961-2264,Houston,2021-09-04,1
95,96,1654,Toyota,RAV4,2013,BHM-2298,3.52,2021-02-20,1,1654,Thomas Green,thomas.green@yahoo.com,+1-971-698-7771,Houston,2022-09-30,1
96,97,1574,Ford,Escape,2022,HQQ-5533,3.69,2022-08-01,1,1574,Pamela Campbell,pamela.campbell@outlook.com,+1-291-172-3935,Houston,2020-06-12,1
97,98,1105,Subaru,Outback,2012,LLF-3283,4.96,2023-10-29,1,1105,Jeffrey Ramirez,jeffrey.ramirez@yahoo.com,+1-309-279-4507,Los Angeles,2021-06-19,1
98,99,947,Nissan,Maxima,2017,PHE-1369,4.39,2020-09-28,1,947,Larry Garcia,larry.garcia@hotmail.com,+1-876-295-5896,Houston,2024-01-10,1
99,100,1403,Chevrolet,Silverado,2021,MAN-0760,4.4,2023-06-30,1,1403,Debra Adams,debra.adams@gmail.com,+1-848-468-1749,Los Angeles,2022-10-20,1
100,101,736,Nissan,Altima,2019,KEU-7374,3.5,2021-05-30,1,736,Sarah Hall,sarah.hall@outlook.com,+1-680-647-1136,Houston,2024-04-23,1
101,102,974,Tesla,Model X,2020,DGH-9658,4.94,2022-10-06,1,974,Richard Walker,richard.walker@protonmail.com,+1-622-990-4276,Houston,2023-12-31,1
102,103,120,Tesla,Model 3,2016,TTE-7274,3.52,2020-11-16,1,120,Ryan Hall,ryan.hall@icloud.com,+1-506-754-7951,Los Angeles,2021-07-24,1
103,104,1584,Chevrolet,Equinox,2016,ARU-0491,4.33,2022-09-29,1,1584,Robert Bailey,robert.bailey@yahoo.com,+1-681-249-4497,Los Angeles,2022-03-09,1
104,105,366,Subaru,Impreza,2013,YLE-6253,2.59,2021-03-30,0,366,Larry Brown,larry.brown@protonmail.com,+1-672-825-4434,Houston,2023-06-22,1
105,106,1794,Mazda,CX-9,2017,DVK-0431,4.64,2023-01-09,1,1794,Heather Turner,heather.turner@outlook.com,+1-281-460-9284,New York,2024-02-17,1
106,107,1053,Nissan,Rogue,2021,UAN-7749,3.65,2020-04-30,1,1053,Catherine Cox,catherine.cox@yahoo.com,+1-650-789-2758,Chicago,2023-09-06,1
107,108,539,Chevrolet,Malibu,2017,ZJK-7455,4.09,2020-04-13,1,539,Amy Nguyen,amy.nguyen@outlook.com,+1-628-514-7361,New York,2022-04-09,1
108,109,1538,Mazda,Mazda3,2015,LCX-2265,3.93,2020-09-04,0,1538,Susan Wright,susan.wright@hotmail.com,+1-877-477-5348,New York,2023-06-04,1
109,110,472,Subaru,Outback,2012,FFD-8537,3.53,2023-09-15,1,472,Maria Rivera,maria.rivera1@hotmail.com,+1-757-900-8940,Los Angeles,2024-02-13,1
110,111,1974,Nissan,Pathfinder,2012,SSP-0525,3.69,2022-09-04,0,1974,Christopher Flores,christopher.flores@outlook.com,+1-940-995-4920,Chicago,2021-08-25,1
111,112,1987,Hyundai,Ioniq,2014,KDA-6623,4.75,2023-08-23,1,1987,Laura Long,laura.long@outlook.com,+1-781-381-1585,Chicago,2019-10-31,1
112,113,1509,Tesla,Model S,2017,EXK-6449,4.66,2020-07-24,1,1509,Stephen Morgan,stephen.morgan@gmail.com,+1-369-548-9344,Houston,2022-02-25,1
113,114,1023,Ford,Fusion,2012,KCY-2772,3.82,2022-09-27,1,1023,Ryan Powell,ryan.powell@hotmail.com,+1-653-395-3683,Houston,2023-02-01,1
114,115,1755,Nissan,Rogue,2019,BRP-8253,3.77,2021-04-14,1,1755,Nancy Torres,nancy.torres@gmail.com,+1-521-458-5001,Los Angeles,2019-09-23,1
115,116,1035,Chevrolet,Silverado,2023,KHZ-6145,4.98,2020-10-21,1,1035,Rebecca Bennett,rebecca.bennett@outlook.com,+1-249-396-5778,New York,2021-11-18,1
116,117,929,Honda,Odyssey,2013,XWQ-8993,4.35,2020-04-22,1,929,Alexander White,alexander.white@outlook.com,+1-760-110-1138,New York,2019-01-25,1
117,118,52,Honda,Accord,2017,FEL-8040,4.85,2021-02-08,1,52,George Lewis,george.lewis@protonmail.com,+1-270-899-1659,New York,2024-04-28,1
118,119,1233,Ford,Escape,2019,YXV-2976,4.08,2022-01-31,0,1233,John Baker,john.baker@hotmail.com,+1-384-524-1394,Los Angeles,2021-02-21,1
119,120,1100,Ford,Fusion,2013,CFW-5527,4.6,2020-04-09,1,1100,Raymond Rivera,raymond.rivera1@gmail.com,+1-256-980-2375,Los Angeles,2022-05-17,1
120,121,390,Chevrolet,Malibu,2018,SAM-8495,2.61,2023-09-24,0,390,Andrew Moore,andrew.moore@yahoo.com,+1-522-962-8389,New York,2023-11-08,1
121,122,1783,Nissan,Rogue,2023,MVA-2824,3.61,2022-07-28,0,1783,Barbara Rogers,barbara.rogers@hotmail.com,+1-315-623-2268,Chicago,2020-02-22,1
122,123,335,Kia,Stinger,2023,MFW-0354,3.75,2023-02-08,1,335,James Turner,james.turner@yahoo.com,+1-845-336-2113,Chicago,2019-01-19,1
123,124,162,Hyundai,Ioniq,2020,DTJ-1443,4.72,2023-08-18,1,162,Nancy Wright,nancy.wright@protonmail.com,+1-980-416-6567,Los Angeles,2019-01-13,1
124,125,1981,Subaru,Crosstrek,2018,JLQ-8334,4.79,2020-05-02,1,1981,Kathleen Ross,kathleen.ross@gmail.com,+1-499-931-7527,New York,2021-01-14,1
125,126,324,Toyota,RAV4,2020,YZD-3678,4.97,2023-11-09,1,324,Emma Ross,emma.ross@protonmail.com,+1-772-322-8854,Chicago,2023-11-16,1
126,127,1968,Chevrolet,Silverado,2013,VXZ-5552,4.91,2023-07-24,1,1968,Cynthia Torres,cynthia.torres@hotmail.com,+1-360-994-3910,Houston,2020-08-13,1
127,128,1237,Chevrolet,Traverse,2019,CTV-5363,4.62,2023-04-09,1,1237,Richard Green,richard.green@yahoo.com,+1-622-431-5225,Houston,2024-04-12,1
128,129,44,Honda,Civic,2022,RDS-7789,4.24,2019-10-26,1,44,Scott Long,scott.long@gmail.com,+1-983-689-7232,Houston,2019-01-13,1
129,130,508,Nissan,Sentra,2018,HFR-9102,4.74,2023-03-25,1,508,Jonathan Torres,jonathan.torres@icloud.com,+1-903-987-8779,Chicago,2021-09-02,1
130,131,1653,Honda,Accord,2016,LCY-6053,3.96,2022-11-20,1,1653,Benjamin Carter,benjamin.carter@outlook.com,+1-915-274-3257,Houston,2019-09-03,1
131,132,1623,Tesla,Model X,2022,QBM-0307,4.08,2022-06-08,1,1623,Kevin Bennett,kevin.bennett@hotmail.com,+1-364-284-5894,New York,2024-01-25,1
132,133,612,Honda,Pilot,2023,QXY-6939,3.63,2020-10-29,1,612,Daniel Powell,daniel.powell@icloud.com,+1-322-486-1665,Houston,2020-07-25,1
133,134,969,Mazda,Mazda3,2013,FVR-0336,3.98,2022-07-06,1,969,Christopher Cruz,christopher.cruz@gmail.com,+1-255-760-6966,Los Angeles,2020-03-05,1
134,135,65,Subaru,Forester,2021,KAD-8794,4.19,2023-04-28,1,65,Kimberly Diaz,kimberly.diaz@protonmail.com,+1-482-669-1166,Chicago,2019-06-25,1
135,136,997,Tesla,Model X,2020,RBQ-6492,3.94,2021-04-09,1,997,Melissa Hall,melissa.hall@hotmail.com,+1-697-613-9629,New York,2021-08-20,1
136,137,1776,Kia,Optima,2022,DWE-4078,4.66,2019-08-29,1,1776,Robert Rivera,robert.rivera@hotmail.com,+1-853-964-4569,Houston,2019-04-30,1
137,138,1139,Nissan,Sentra,2015,JSW-2479,3.71,2023-07-26,1,1139,Matthew Martin,matthew.martin@gmail.com,+1-435-287-1587,Houston,2020-06-16,1
138,139,1869,Tesla,Cybertruck,2012,LJS-0566,4.21,2020-12-23,1,1869,Christopher Rodriguez,christopher.rodriguez@outlook.com,+1-851-672-4703,Los Angeles,2022-07-11,1
139,140,139,Kia,Stinger,2023,LBG-9349,4.81,2020-02-03,1,139,Donald Campbell,donald.campbell@gmail.com,+1-902-476-9920,Los Angeles,2019-05-05,1
140,141,1311,Toyota,Corolla,2013,PRL-9320,3.78,2021-09-24,1,1311,Frank Nelson,frank.nelson@outlook.com,+1-509-863-5496,Chicago,2022-12-16,1
141,142,1564,Honda,Odyssey,2012,FDD-7007,4.5,2022-09-12,1,1564,Kathleen Garcia,kathleen.garcia@gmail.com,+1-522-195-6056,New York,2020-12-31,1
142,143,1693,Mazda,Mazda3,2016,XDY-8814,3.65,2021-08-03,1,1693,Nicholas Flores,nicholas.flores@gmail.com,+1-640-460-1010,New York,2020-05-29,1
143,144,811,Mazda,MX-5,2013,DDN-8059,3.87,2023-08-21,1,811,Edward Sullivan,edward.sullivan@yahoo.com,+1-218-455-6765,Los Angeles,2022-07-04,1
144,145,1839,Kia,Sorento,2015,VKU-0331,4.06,2021-12-08,1,1839,Larry Rodriguez,larry.rodriguez@protonmail.com,+1-250-631-4448,Los Angeles,2022-01-01,1
145,146,412,Tesla,Model Y,2023,XMY-5486,4.28,2022-03-15,1,412,Kimberly Lopez,kimberly.lopez@protonmail.com,+1-569-356-2350,Los Angeles,2022-09-22,1
146,147,766,Honda,Pilot,2021,ABC-8163,4.2,2023-12-09,1,766,William Reyes,william.reyes@icloud.com,+1-596-294-9586,Houston,2023-04-18,1
147,148,1355,Hyundai,Tucson,2020,QYW-4478,4.34,2023-03-29,1,1355,William Ramirez,william.ramirez@hotmail.com,+1-508-885-9185,New York,2022-12-30,1
148,149,263,Tesla,Cybertruck,2022,UDJ-6956,3.57,2020-12-07,0,263,Anna Morgan,anna.morgan@hotmail.com,+1-712-141-1742,New York,2019-10-08,1
149,150,544,Nissan,Maxima,2020,FYH-2191,4.51,2020-12-22,1,544,Brian Mitchell,brian.mitchell@outlook.com,+1-799-401-8598,New York,2021-08-21,1
150,151,1141,Nissan,Maxima,2018,SEQ-7861,4.57,2022-07-07,1,1141,Amanda Foster,amanda.foster@icloud.com,+1-696-568-9077,New York,2023-09-29,1
151,152,207,Hyundai,Elantra,2019,PET-8627,3.77,2023-01-17,1,207,Richard Sanders,richard.sanders@protonmail.com,+1-543-910-3392,Chicago,2019-03-20,1
152,153,235,Subaru,Impreza,2015,KTY-4320,4.06,2022-07-02,1,235,Daniel Sanders,daniel.sanders@hotmail.com,+1-289-929-6236,Los Angeles,2022-12-24,1
153,154,515,Kia,Optima,2013,EYY-4952,3.8,2019-09-13,1,515,Richard Torres,richard.torres@icloud.com,+1-552-998-7732,Los Angeles,2021-02-23,1
154,155,441,Kia,Sportage,2021,CLH-1179,2.62,2020-01-07,0,441,Mary Young,mary.young@gmail.com,+1-683-472-7274,Chicago,2020-01-02,1
155,156,1727,Mazda,MX-5,2016,DCT-4060,4.97,2023-06-13,1,1727,Patricia Morales,patricia.morales@yahoo.com,+1-437-198-2740,Houston,2024-03-28,1
156,157,103,Nissan,Rogue,2018,FFQ-7932,3.49,2023-09-09,0,103,Rebecca Baker,rebecca.baker@icloud.com,+1-473-940-1042,Los Angeles,2023-01-26,1
157,158,1795,Chevrolet,Equinox,2018,EQY-0792,3.64,2021-09-10,1,1795,Timothy James,timothy.james@hotmail.com,+1-819-335-8355,Houston,2020-04-15,1
158,159,24,Chevrolet,Equinox,2019,QXY-2064,4.77,2021-11-30,1,24,Angela Anderson,angela.anderson@hotmail.com,+1-790-294-5173,New York,2022-12-22,1
159,160,1376,Chevrolet,Equinox,2013,WKL-1887,3.8,2020-07-25,0,1376,Gary Sanchez,gary.sanchez@yahoo.com,+1-394-104-1210,Los Angeles,2021-10-03,1
160,161,1595,Subaru,Legacy,2020,JAN-3421,3.92,2023-03-31,0,1595,Raymond Smith,raymond.smith@hotmail.com,+1-328-749-8361,New York,2019-03-16,1
161,162,1128,Kia,Soul,2018,EHK-2226,3.54,2022-07-28,1,1128,Jason Jackson,jason.jackson@gmail.com,+1-497-368-4858,Houston,2024-02-02,1
162,163,319,Chevrolet,Malibu,2019,TAP-3044,4.16,2021-05-14,1,319,Rebecca Turner,rebecca.turner@yahoo.com,+1-507-485-4012,Houston,2020-05-08,1
163,164,677,Chevrolet,Traverse,2017,XGD-2555,3.55,2021-07-21,1,677,Matthew Smith,matthew.smith@protonmail.com,+1-961-908-1116,New York,2021-11-30,1
164,165,866,Hyundai,Sonata,2015,CXC-6009,3.94,2021-11-09,1,866,Brandon Anderson,brandon.anderson@outlook.com,+1-922-978-6152,New York,2020-07-10,1
165,166,898,Nissan,Sentra,2015,KDB-8657,4.8,2023-07-27,1,898,Angela Evans,angela.evans@yahoo.com,+1-501-163-7049,New York,2019-01-02,1
166,167,1087,Ford,Escape,2020,MLE-0960,3.9,2023-10-21,1,1087,Joshua Howard,joshua.howard@hotmail.com,+1-431-739-2506,New York,2022-04-27,1
167,168,1187,Ford,Mustang,2013,UPJ-1517,3.76,2020-12-09,1,1187,Brenda Wright,brenda.wright@yahoo.com,+1-906-994-9444,New York,2022-12-17,1
168,169,118,Mazda,Mazda3,2020,NBD-0118,4.36,2020-12-23,1,118,Scott Jackson,scott.jackson@yahoo.com,+1-672-753-5161,Houston,2020-06-06,1
169,170,1126,Subaru,Forester,2019,ECF-6703,3.28,2023-11-23,0,1126,Paul Torres,paul.torres@protonmail.com,+1-706-491-3133,Houston,2023-10-20,1
170,171,1724,Subaru,Legacy,2020,NKN-9936,4.62,2023-08-18,1,1724,Sarah Scott,sarah.scott@protonmail.com,+1-510-503-2117,Houston,2021-02-10,1
171,172,728,Nissan,Maxima,2018,EWD-0098,4.86,2021-07-23,1,728,Richard Rodriguez,richard.rodriguez@hotmail.com,+1-761-155-1431,Houston,2021-12-09,1
172,173,341,Kia,Sorento,2017,AMU-2774,4.64,2020-03-13,1,341,Ashley Long,ashley.long@yahoo.com,+1-507-800-2320,New York,2019-07-11,1
173,174,977,Nissan,Pathfinder,2015,DXX-2373,3.7,2019-09-14,1,977,Raymond Harris,raymond.harris@protonmail.com,+1-567-376-4313,Los Angeles,2019-09-18,1
174,175,1495,Chevrolet,Equinox,2022,YHB-4364,4.03,2022-04-15,1,1495,Jeffrey Murphy,jeffrey.murphy@gmail.com,+1-722-537-1846,Los Angeles,2019-08-14,1
175,176,176,Mazda,CX-9,2012,YWM-3191,3.72,2023-05-27,1,176,Sharon Wilson,sharon.wilson@yahoo.com,+1-646-703-7560,New York,2021-03-21,1
176,177,488,Mazda,CX-5,2012,AFN-0474,3.93,2019-09-13,1,488,Kevin Wood,kevin.wood@yahoo.com,+1-854-679-2705,Houston,2019-10-16,1
177,178,1206,Mazda,MX-5,2013,XUL-5657,5.0,2020-04-10,1,1206,Patricia Bailey,patricia.bailey@icloud.com,+1-464-347-5979,Houston,2021-10-31,1
178,179,104,Kia,Sorento,2022,TTR-1716,3.83,2019-08-30,1,104,Joshua Cox,joshua.cox@icloud.com,+1-875-601-3434,Houston,2022-01-08,1
179,180,147,Nissan,Altima,2014,EPL-8152,3.5,2019-10-14,1,147,Timothy Morgan,timothy.morgan@icloud.com,+1-311-562-9254,Chicago,2024-04-20,1
180,181,1108,Ford,Fusion,2016,TUF-9161,4.72,2021-05-02,1,1108,Charles Campbell,charles.campbell@hotmail.com,+1-932-476-6049,New York,2022-08-14,1
181,182,132,Tesla,Model S,2019,YGP-8836,4.5,2023-06-07,1,132,Diane Hughes,diane.hughes@outlook.com,+1-798-490-7086,New York,2022-10-14,1
182,183,334,Tesla,Cybertruck,2022,GQX-2043,4.25,2023-06-23,1,334,Emma Gray,emma.gray@gmail.com,+1-736-134-2217,New York,2023-04-15,1
183,184,1099,Kia,Optima,2021,HWC-1278,4.86,2019-12-19,1,1099,Sarah Brown,sarah.brown@outlook.com,+1-484-774-3883,New York,2024-05-27,1
184,185,448,Mazda,MX-5,2017,KKP-2269,4.66,2019-09-25,1,448,Emma Young,emma.young@yahoo.com,+1-206-519-1391,Chicago,2022-01-14,1
185,186,1356,Kia,Sportage,2018,DMA-9128,4.94,2022-09-18,1,1356,Stephen Kelly,stephen.kelly@yahoo.com,+1-457-197-6314,Houston,2022-10-20,1
186,187,1094,Chevrolet,Silverado,2018,WGQ-1133,2.64,2023-11-17,0,1094,Cynthia Jackson,cynthia.jackson@yahoo.com,+1-354-864-5919,Houston,2021-04-20,1
187,188,1765,Toyota,Corolla,2020,LXY-7610,3.55,2021-01-17,1,1765,Ronald Roberts,ronald.roberts@hotmail.com,+1-245-329-4370,Houston,2020-01-13,1
188,189,1461,Hyundai,Tucson,2022,PAX-3059,4.73,2020-06-28,1,1461,Thomas King,thomas.king@gmail.com,+1-903-625-3547,Chicago,2019-10-20,1
189,190,1281,Ford,Explorer,2019,CQQ-5820,3.89,2023-01-08,1,1281,Scott Bailey,scott.bailey@yahoo.com,+1-350-580-6057,Los Angeles,2020-08-19,1
190,191,121,Mazda,Mazda3,2019,QSA-8668,4.26,2021-01-22,1,121,Joshua Sanchez,joshua.sanchez@hotmail.com,+1-694-209-4886,Houston,2022-03-17,1
191,192,94,Kia,Sportage,2015,VWR-2470,3.99,2020-03-29,0,94,Kevin Allen,kevin.allen@outlook.com,+1-318-891-7622,New York,2022-09-08,1
192,193,452,Honda,Pilot,2014,DBU-6574,4.47,2023-03-07,1,452,Sandra Peterson,sandra.peterson@hotmail.com,+1-917-481-8511,New York,2022-04-04,1
193,194,744,Mazda,MX-5,2016,YFM-0110,3.95,2020-10-29,0,744,Stephen Williams,stephen.williams@yahoo.com,+1-304-388-5410,Chicago,2023-01-04,1
194,195,1343,Kia,Soul,2019,MZU-8487,4.49,2023-08-18,1,1343,Kimberly Lee,kimberly.lee@yahoo.com,+1-218-721-2646,Chicago,2020-08-25,1
195,196,331,Tesla,Model Y,2012,WDG-0830,4.27,2022-03-11,1,331,Betty Nelson,betty.nelson@yahoo.com,+1-588-683-5026,Houston,2022-02-01,1
196,197,293,Nissan,Sentra,2023,EAA-3363,4.66,2022-03-23,1,293,Carolyn Gonzalez,carolyn.gonzalez@yahoo.com,+1-343-588-6301,Chicago,2019-01-14,1
197,198,1881,Chevrolet,Equinox,2014,HRT-5589,4.42,2021-11-07,1,1881,Alexander Allen,alexander.allen@protonmail.com,+1-323-671-8133,Los Angeles,2019-12-31,1
198,199,1205,Toyota,Prius,2023,QGZ-4205,3.59,2021-10-02,1,1205,Elizabeth Morgan,elizabeth.morgan@icloud.com,+1-519-633-6582,Chicago,2019-02-17,1
199,200,891,Subaru,Crosstrek,2021,FHQ-4360,4.86,2020-11-02,1,891,Carol Bailey,carol.bailey@protonmail.com,+1-441-277-2276,Houston,2019-08-23,1
200,201,1482,Kia,Sorento,2012,NAY-4349,3.91,2023-12-24,1,1482,Amanda Foster,amanda.foster@yahoo.com,+1-313-294-5667,New York,2019-10-01,1
201,202,1640,Mazda,CX-9,2012,NYV-6360,3.82,2023-02-14,1,1640,Margaret Cooper,margaret.cooper@yahoo.com,+1-305-674-5555,New York,2022-03-21,1
202,203,1011,Mazda,CX-5,2013,WYK-7160,3.99,2020-10-15,1,1011,Nancy Clark,nancy.clark@icloud.com,+1-924-135-6192,Los Angeles,2019-10-30,1
203,204,62,Subaru,Outback,2013,DTG-6649,3.75,2019-12-17,1,62,Sharon Morales,sharon.morales@icloud.com,+1-474-430-5022,New York,2020-07-25,1
204,205,547,Nissan,Rogue,2020,SRB-1199,3.81,2023-09-01,0,547,Michael Martin,michael.martin1@yahoo.com,+1-405-450-7704,Houston,2019-10-21,1
205,206,748,Nissan,Sentra,2013,UJN-8554,4.68,2021-05-30,1,748,Edward Martinez,edward.martinez@icloud.com,+1-681-285-4148,Los Angeles,2023-08-01,1
206,207,932,Honda,CR-V,2014,KEY-7969,4.99,2020-04-28,1,932,Brandon Reyes,brandon.reyes@yahoo.com,+1-813-753-2995,New York,2019-06-26,1
207,208,553,Ford,Escape,2014,NSE-9733,4.64,2019-12-30,1,553,Shirley Harris,shirley.harris@gmail.com,+1-892-104-5076,Chicago,2022-11-21,1
208,209,940,Mazda,CX-9,2015,EQM-5697,4.9,2023-10-17,1,940,Barbara Howard,barbara.howard@protonmail.com,+1-456-895-8305,New York,2024-01-11,1
209,210,1131,Subaru,Crosstrek,2019,KRE-0403,4.9,2023-01-19,1,1131,Jeffrey Powell,jeffrey.powell@icloud.com,+1-462-174-2561,New York,2019-04-17,1
210,211,190,Hyundai,Santa Fe,2023,WZW-0855,3.7,2022-03-09,1,190,Richard Gomez,richard.gomez@protonmail.com,+1-595-390-5128,Chicago,2020-11-13,1
211,212,288,Mazda,MX-5,2023,UCV-7625,3.56,2020-01-05,1,288,Joshua Kelly,joshua.kelly@icloud.com,+1-309-443-5662,Houston,2022-08-06,1
212,213,111,Toyota,RAV4,2022,ZDG-3134,3.4,2019-11-01,0,111,Alexander Phillips,alexander.phillips@protonmail.com,+1-282-972-6383,Houston,2024-05-08,1
213,214,131,Subaru,Impreza,2023,HAZ-3789,4.78,2021-06-12,1,131,Edward Johnson,edward.johnson@outlook.com,+1-749-226-8451,Los Angeles,2022-10-09,1
214,215,1999,Honda,Accord,2016,UHC-5500,4.64,2023-08-24,1,1999,William Wright,william.wright@icloud.com,+1-747-966-9810,New York,2024-06-10,1
215,216,510,Mazda,Mazda3,2023,PPS-2528,3.56,2021-10-08,1,510,Laura Thompson,laura.thompson@yahoo.com,+1-416-927-4157,Chicago,2019-03-29,1
216,217,1684,Honda,CR-V,2016,TDC-9080,4.11,2020-01-05,1,1684,Jason Lewis,jason.lewis@protonmail.com,+1-345-465-9156,New York,2020-05-15,1
217,218,1562,Nissan,Sentra,2021,YXF-3197,4.72,2022-01-19,1,1562,Susan Rodriguez,susan.rodriguez@yahoo.com,+1-811-111-6064,Chicago,2022-02-03,1
218,219,1479,Chevrolet,Equinox,2014,TVS-2468,4.59,2020-06-19,1,1479,Nicholas Smith,nicholas.smith@yahoo.com,+1-987-772-5098,Chicago,2021-08-21,1
219,220,1040,Subaru,Crosstrek,2015,BFS-1534,4.87,2021-01-10,1,1040,Mark Harris,mark.harris@icloud.com,+1-828-806-9612,New York,2021-05-04,1
220,221,1841,Nissan,Sentra,2021,WCL-6494,3.88,2020-02-18,1,1841,Christopher Mitchell,christopher.mitchell@outlook.com,+1-623-320-5074,New York,2019-03-15,1
221,222,1339,Tesla,Model Y,2022,PZF-7220,3.17,2020-08-20,0,1339,Barbara Bennett,barbara.bennett@protonmail.com,+1-891-867-8567,Houston,2020-12-04,1
222,223,697,Nissan,Altima,2021,AFC-6434,4.47,2020-02-08,1,697,Jacob Cox,jacob.cox@gmail.com,+1-693-219-5224,New York,2021-02-22,1
223,224,1956,Hyundai,Tucson,2018,KNG-6813,4.5,2023-02-16,1,1956,Brandon Nelson,brandon.nelson@icloud.com,+1-598-587-1205,Los Angeles,2020-11-28,1
224,225,1526,Chevrolet,Silverado,2019,YLG-4178,4.29,2020-07-22,1,1526,Mary Richardson,mary.richardson@gmail.com,+1-586-493-1339,New York,2023-08-20,1
225,226,1947,Kia,Optima,2016,DGL-0755,4.47,2021-12-07,1,1947,Raymond Hernandez,raymond.hernandez@outlook.com,+1-852-867-5947,Houston,2021-03-31,1
226,227,1400,Chevrolet,Traverse,2019,ZGM-4176,4.98,2022-07-04,1,1400,Jacob Long,jacob.long@hotmail.com,+1-942-955-3275,New York,2022-05-17,1
227,228,1474,Mazda,Mazda6,2013,GJG-0853,3.59,2020-01-06,1,1474,Joshua Murphy,joshua.murphy@outlook.com,+1-471-318-1036,Houston,2020-03-21,1
228,229,393,Chevrolet,Traverse,2016,VUS-5675,4.25,2022-05-18,1,393,David Kelly,david.kelly@gmail.com,+1-979-325-5785,New York,2020-07-16,1
229,230,31,Toyota,Corolla,2012,HSP-5011,4.65,2020-10-27,1,31,David Torres,david.torres@icloud.com,+1-879-748-6491,New York,2023-08-04,1
230,231,450,Nissan,Maxima,2015,RSZ-5336,3.99,2021-04-19,1,450,Jack Morales,jack.morales@outlook.com,+1-306-310-9680,Chicago,2021-05-09,1
231,232,1302,Hyundai,Santa Fe,2015,NML-5618,4.8,2020-07-24,1,1302,Amy Nguyen,amy.nguyen1@outlook.com,+1-795-510-1599,Chicago,2020-03-25,1
232,233,339,Subaru,Legacy,2020,ZBS-9417,3.65,2020-11-07,1,339,Richard Cooper,richard.cooper@yahoo.com,+1-446-296-9625,Los Angeles,2023-07-28,1
233,234,318,Toyota,Highlander,2018,CGQ-4232,4.71,2023-11-07,1,318,George Gray,george.gray@protonmail.com,+1-590-904-9592,Los Angeles,2022-11-27,1
234,235,930,Tesla,Cybertruck,2023,RUB-6566,3.93,2023-12-30,0,930,Jason Gonzalez,jason.gonzalez@icloud.com,+1-306-801-8306,Los Angeles,2020-03-25,1
235,236,860,Chevrolet,Silverado,2017,CNF-5069,4.33,2020-05-02,1,860,Edward Ross,edward.ross@icloud.com,+1-830-129-3877,Chicago,2020-11-07,1
236,237,230,Toyota,Camry,2022,PSE-8201,3.8,2021-01-25,1,230,Karen Hughes,karen.hughes@hotmail.com,+1-579-480-8273,New York,2022-03-21,1
237,238,1775,Subaru,Outback,2022,LQA-7737,4.75,2021-11-01,1,1775,Dorothy Thompson,dorothy.thompson1@hotmail.com,+1-673-117-8207,New York,2021-08-13,1
238,239,920,Ford,Fusion,2014,MAJ-5681,3.82,2020-04-10,1,920,Shirley Jones,shirley.jones@outlook.com,+1-286-248-3525,Houston,2023-03-22,1
239,240,1081,Kia,Optima,2018,FVG-5569,4.85,2022-09-12,1,1081,Carol Perez,carol.perez@gmail.com,+1-751-433-1612,Houston,2022-09-09,1
240,241,1736,Hyundai,Santa Fe,2014,VQR-2418,3.97,2022-10-24,1,1736,Nancy Price,nancy.price@protonmail.com,+1-945-757-9653,Houston,2020-01-25,1
241,242,328,Chevrolet,Malibu,2015,KKN-9816,3.84,2023-05-05,1,328,Timothy Morgan,timothy.morgan@hotmail.com,+1-677-200-8692,Los Angeles,2024-02-16,1
242,243,996,Mazda,Mazda3,2020,MXP-7155,3.69,2019-09-12,1,996,Amanda Wright,amanda.wright@icloud.com,+1-896-533-5540,New York,2019-05-10,1
243,244,1889,Mazda,MX-5,2020,XFP-3523,3.77,2021-10-23,1,1889,Patricia Wood,patricia.wood@protonmail.com,+1-356-822-3898,Chicago,2019-06-19,1
244,245,155,Subaru,Forester,2014,VFR-5607,4.61,2021-03-21,1,155,Jeffrey Green,jeffrey.green@protonmail.com,+1-461-483-3500,Houston,2019-05-18,1
245,246,1044,Subaru,Forester,2022,GWA-7776,4.58,2019-11-19,1,1044,Alexander Jackson,alexander.jackson@protonmail.com,+1-432-414-3053,Chicago,2019-09-24,1
246,247,1413,Hyundai,Elantra,2023,VQB-1907,4.06,2023-10-30,1,1413,Maria Sullivan,maria.sullivan@protonmail.com,+1-942-490-8159,Chicago,2020-04-02,1
247,248,1709,Tesla,Model 3,2023,DJK-1967,3.63,2023-12-21,1,1709,Charles Gomez,charles.gomez@protonmail.com,+1-707-239-4662,Chicago,2020-09-08,1
248,249,485,Ford,Mustang,2022,PMM-9017,4.68,2021-03-05,1,485,Patrick Gomez,patrick.gomez@protonmail.com,+1-828-905-6846,Chicago,2022-09-25,1
249,250,1608,Kia,Sportage,2012,NMB-0683,3.63,2023-06-22,1,1608,Rebecca Hughes,rebecca.hughes@yahoo.com,+1-204-524-1535,New York,2019-02-23,1
250,251,89,Mazda,CX-5,2020,DKC-4759,3.57,2021-02-25,1,89,Elizabeth Robinson,elizabeth.robinson@protonmail.com,+1-789-701-1339,Los Angeles,2022-03-26,1
251,252,477,Ford,Mustang,2018,TPA-4426,4.19,2021-05-28,1,477,Daniel Thompson,daniel.thompson@yahoo.com,+1-806-425-6878,New York,2022-12-11,1
252,253,1991,Toyota,Highlander,2022,YWN-1089,3.88,2022-05-18,1,1991,Deborah Allen,deborah.allen@protonmail.com,+1-433-128-4467,Los Angeles,2019-10-31,1
253,254,995,Honda,Odyssey,2020,TGT-9654,3.87,2020-07-02,1,995,Donald Bailey,donald.bailey@gmail.com,+1-864-589-4437,Chicago,2020-10-18,1
254,255,5,Kia,Soul,2020,RKF-6146,4.28,2023-01-12,1,5,Barbara Johnson,barbara.johnson@hotmail.com,+1-836-676-2638,New York,2022-01-06,1
255,256,1569,Nissan,Pathfinder,2016,DFL-7375,3.96,2023-10-11,1,1569,Margaret Price,margaret.price@protonmail.com,+1-344-887-3638,Los Angeles,2021-07-05,1
256,257,1026,Nissan,Altima,2019,WVG-9337,4.8,2019-08-26,1,1026,Jason Bennett,jason.bennett@outlook.com,+1-624-279-8571,Chicago,2020-02-13,1
257,258,1104,Ford,Explorer,2015,TJP-1187,4.2,2021-02-20,1,1104,Jessica Green,jessica.green@outlook.com,+1-798-854-7388,Chicago,2024-03-30,1
258,259,1739,Kia,Sorento,2016,NZN-9021,4.55,2022-04-28,1,1739,Jonathan Hill,jonathan.hill@gmail.com,+1-320-610-4777,New York,2022-05-16,1
259,260,1162,Ford,Escape,2017,TDQ-6632,4.99,2021-01-17,1,1162,Gregory Morris,gregory.morris@yahoo.com,+1-386-963-7438,New York,2019-06-20,1
260,261,800,Chevrolet,Equinox,2015,FUJ-8237,3.83,2020-03-16,1,800,Sandra Sanchez,sandra.sanchez@protonmail.com,+1-582-259-2405,New York,2023-02-23,1
261,262,925,Honda,Accord,2013,TLM-8109,3.64,2023-03-22,1,925,Andrew Stewart,andrew.stewart@hotmail.com,+1-894-423-9687,New York,2019-07-19,1
262,263,865,Chevrolet,Silverado,2015,DRZ-0400,3.78,2023-09-07,0,865,Patricia Baker,patricia.baker@hotmail.com,+1-841-647-3719,Houston,2020-01-19,1
263,264,1467,Mazda,CX-9,2017,ZCZ-8775,4.05,2020-08-01,0,1467,Diane Torres,diane.torres@icloud.com,+1-704-927-1175,Houston,2022-10-18,1
264,265,338,Toyota,Camry,2021,CUC-1592,4.21,2023-05-10,1,338,Andrew Williams,andrew.williams@icloud.com,+1-914-790-8054,Chicago,2019-08-08,1
265,266,957,Subaru,Impreza,2023,GZC-7406,4.05,2023-11-09,1,957,Betty Parker,betty.parker@outlook.com,+1-955-794-7586,Los Angeles,2019-09-05,1
266,267,1702,Hyundai,Elantra,2012,BQV-8651,3.85,2022-05-21,1,1702,Jeffrey Morris,jeffrey.morris@hotmail.com,+1-620-572-1453,New York,2024-05-14,1
267,268,1443,Subaru,Impreza,2012,QUK-1796,3.61,2021-12-11,1,1443,Brenda Allen,brenda.allen@gmail.com,+1-286-227-9292,Los Angeles,2021-01-14,1
268,269,643,Nissan,Rogue,2017,LCY-6825,4.62,2021-06-21,1,643,Kevin Parker,kevin.parker@yahoo.com,+1-204-420-5033,Chicago,2022-12-29,1
269,270,542,Toyota,RAV4,2015,MKL-7061,4.67,2019-07-07,1,542,Richard Nguyen,richard.nguyen@yahoo.com,+1-958-364-3999,Los Angeles,2022-09-02,1
270,271,664,Toyota,Corolla,2012,NEK-8080,4.18,2021-03-18,1,664,Emma Lee,emma.lee@protonmail.com,+1-620-122-4992,New York,2019-09-19,1
271,272,1091,Chevrolet,Malibu,2014,UGJ-0454,4.44,2022-02-18,1,1091,Angela Flores,angela.flores@protonmail.com,+1-981-660-3958,New York,2022-07-09,1
272,273,1221,Kia,Stinger,2022,XQZ-8291,4.33,2023-11-12,1,1221,Charles Jackson,charles.jackson@icloud.com,+1-631-149-5999,Los Angeles,2020-03-17,1
273,274,1336,Mazda,CX-9,2015,JFW-9754,4.47,2022-11-10,1,1336,Samuel Reed,samuel.reed@outlook.com,+1-882-168-4559,Houston,2021-04-22,1
274,275,833,Honda,Accord,2013,SLS-6035,4.7,2021-01-06,1,833,Raymond Stewart,raymond.stewart@gmail.com,+1-939-612-2854,Chicago,2023-05-14,1
275,276,1394,Tesla,Model Y,2012,TLG-8455,4.13,2022-11-30,1,1394,Ronald Thomas,ronald.thomas@outlook.com,+1-265-450-1486,Chicago,2021-09-05,1
276,277,1410,Tesla,Model X,2022,HPQ-6769,4.83,2021-01-26,1,1410,Michelle Roberts,michelle.roberts@outlook.com,+1-425-836-5220,Houston,2024-05-02,1
277,278,433,Ford,Mustang,2017,PRP-1527,4.35,2023-11-09,1,433,Sharon Morales,sharon.morales@yahoo.com,+1-259-350-2412,Houston,2019-08-26,1
278,279,1030,Chevrolet,Equinox,2015,CWV-2774,4.94,2019-09-21,1,1030,Carolyn Torres,carolyn.torres@hotmail.com,+1-383-603-5009,New York,2019-09-02,1
279,280,461,Kia,Stinger,2023,APD-6448,3.76,2020-08-16,1,461,Michael Hughes,michael.hughes@outlook.com,+1-466-939-3848,New York,2024-05-03,1
280,281,389,Nissan,Maxima,2023,FQH-6968,4.49,2022-07-24,1,389,Nancy Rivera,nancy.rivera@protonmail.com,+1-750-810-3838,Chicago,2021-09-29,1
281,282,825,Toyota,RAV4,2012,XZX-1166,4.32,2023-10-23,1,825,Jason Johnson,jason.johnson@outlook.com,+1-622-327-4323,Chicago,2019-05-16,1
282,283,376,Ford,Explorer,2021,UPD-6055,4.45,2020-08-17,1,376,Heather Jackson,heather.jackson@outlook.com,+1-519-451-8460,Chicago,2021-12-03,1
283,284,494,Toyota,Highlander,2019,VCV-8783,4.89,2020-02-02,1,494,Kathleen Howard,kathleen.howard@protonmail.com,+1-976-803-4695,Chicago,2021-07-13,1
284,285,1651,Nissan,Sentra,2016,KDQ-7828,4.75,2020-05-02,1,1651,Matthew Ross,matthew.ross@outlook.com,+1-750-105-1860,Los Angeles,2023-12-15,1
285,286,229,Subaru,Forester,2012,AWL-3800,4.64,2022-03-28,1,229,William Walker,william.walker1@protonmail.com,+1-575-470-7272,New York,2022-05-24,1
286,287,1210,Chevrolet,Malibu,2013,SVJ-9800,4.42,2020-12-23,1,1210,Joshua Torres,joshua.torres@protonmail.com,+1-932-686-3293,Houston,2021-11-30,1
287,288,1371,Honda,CR-V,2022,QWH-4785,4.92,2023-01-05,1,1371,Kathleen Hernandez,kathleen.hernandez@outlook.com,+1-607-486-3748,Houston,2021-06-22,1
288,289,1544,Kia,Soul,2012,TFG-0442,4.57,2021-12-06,1,1544,Stephen Robinson,stephen.robinson@hotmail.com,+1-285-694-7911,Chicago,2022-12-10,1
289,290,777,Ford,Explorer,2018,SQJ-5087,4.88,2019-09-06,1,777,Carolyn Parker,carolyn.parker@gmail.com,+1-370-911-3955,Houston,2021-10-30,1
290,291,1309,Ford,Mustang,2023,YBU-0962,3.8,2021-12-16,1,1309,Eric Morgan,eric.morgan@icloud.com,+1-859-180-5528,Chicago,2019-07-21,1
291,292,778,Chevrolet,Malibu,2014,YHT-1391,3.62,2019-06-22,1,778,Carol Reyes,carol.reyes@yahoo.com,+1-746-714-8258,Los Angeles,2024-01-23,1
292,293,502,Chevrolet,Equinox,2022,CQA-1725,3.7,2022-03-12,1,502,Patricia Clark,patricia.clark@yahoo.com,+1-853-398-2342,Houston,2023-09-25,1
293,294,543,Mazda,MX-5,2017,KEL-8535,3.75,2022-08-29,1,543,Elizabeth Lewis,elizabeth.lewis@outlook.com,+1-428-862-6031,Houston,2023-06-03,1
294,295,248,Hyundai,Sonata,2014,WHB-8420,4.52,2019-12-26,1,248,Pamela Torres,pamela.torres@icloud.com,+1-854-131-9159,Los Angeles,2022-08-07,1
295,296,1704,Kia,Sportage,2020,CDM-7611,2.77,2019-12-06,0,1704,Christine Bailey,christine.bailey@icloud.com,+1-500-154-7433,Chicago,2021-04-05,1
296,297,1555,Subaru,Crosstrek,2020,VCE-5915,4.24,2023-07-07,1,1555,Edward Parker,edward.parker@protonmail.com,+1-665-667-5227,Los Angeles,2022-12-23,1
297,298,1386,Tesla,Model X,2015,UWF-8215,4.99,2021-09-14,1,1386,Donna Morales,donna.morales@hotmail.com,+1-970-997-2456,New York,2022-07-26,1
298,299,883,Toyota,RAV4,2015,PLT-4756,4.89,2020-01-30,1,883,Donna Price,donna.price@protonmail.com,+1-927-884-8625,Houston,2020-04-19,1
299,300,1710,Subaru,Legacy,2023,BWM-9588,3.8,2021-07-10,0,1710,Samuel Flores,samuel.flores@protonmail.com,+1-206-924-8945,Chicago,2019-08-23,1
300,301,210,Mazda,Mazda6,2013,REF-3603,4.05,2023-10-09,1,210,Andrew Walker,andrew.walker@outlook.com,+1-324-148-4906,Houston,2022-08-01,1
301,302,1899,Hyundai,Ioniq,2019,YSK-1069,3.47,2021-04-01,0,1899,Lisa Johnson,lisa.johnson@yahoo.com,+1-853-483-8542,New York,2023-12-02,1
302,303,1117,Tesla,Model X,2019,UYP-5626,4.68,2019-07-04,1,1117,Raymond Moore,raymond.moore@gmail.com,+1-610-304-6006,Los Angeles,2022-03-25,1
303,304,146,Ford,F-150,2012,WVY-6284,4.58,2020-10-26,1,146,Thomas Powell,thomas.powell@hotmail.com,+1-738-216-2041,Houston,2021-07-07,1
304,305,439,Mazda,CX-5,2022,DXJ-7566,4.18,2022-06-22,1,439,Amy Kelly,amy.kelly@yahoo.com,+1-576-261-5179,New York,2024-01-06,1
305,306,394,Mazda,CX-9,2012,SLJ-1843,4.65,2023-02-04,1,394,Mark Reed,mark.reed@outlook.com,+1-372-899-8492,Houston,2022-01-30,1
306,307,1293,Ford,Fusion,2021,LKB-6764,4.24,2022-06-14,1,1293,Dorothy Gonzalez,dorothy.gonzalez@gmail.com,+1-893-240-7208,New York,2020-11-24,1
307,308,1207,Ford,Mustang,2021,XNT-1835,4.62,2023-11-06,1,1207,Joseph Morales,joseph.morales@gmail.com,+1-581-365-9314,Los Angeles,2019-09-11,1
308,309,1317,Mazda,CX-5,2022,NKE-6202,4.02,2021-06-08,0,1317,Laura Gomez,laura.gomez@gmail.com,+1-583-242-3102,Los Angeles,2024-04-15,1
309,310,1826,Kia,Sportage,2023,QSP-0125,4.01,2021-07-07,1,1826,Alexander King,alexander.king@icloud.com,+1-589-746-4845,Los Angeles,2021-09-18,1
310,311,14,Nissan,Rogue,2014,YKQ-1382,4.45,2020-02-28,1,14,Melissa Ward,melissa.ward@icloud.com,+1-351-540-3088,New York,2020-09-23,1
311,312,1752,Mazda,MX-5,2016,UVF-9595,4.11,2020-11-15,1,1752,Matthew Baker,matthew.baker@hotmail.com,+1-259-343-4801,New York,2022-04-20,1
312,313,1995,Honda,CR-V,2014,NJZ-4931,4.11,2022-09-19,1,1995,Kathleen Carter,kathleen.carter@gmail.com,+1-884-166-6609,Chicago,2020-09-25,1
313,314,1713,Chevrolet,Equinox,2017,NUJ-2955,4.05,2023-01-13,1,1713,Linda Thomas,linda.thomas@outlook.com,+1-614-595-4015,Chicago,2023-09-20,1
314,315,1134,Subaru,Crosstrek,2016,YYP-0346,3.84,2020-07-02,1,1134,Brenda Garcia,brenda.garcia@icloud.com,+1-383-366-3783,Houston,2024-03-20,1
315,316,779,Nissan,Maxima,2013,XXV-0895,3.8,2023-05-14,1,779,Kevin Bell,kevin.bell@outlook.com,+1-580-522-8054,Los Angeles,2022-05-31,1
316,317,1310,Hyundai,Ioniq,2015,GAW-2334,3.99,2020-01-06,1,1310,Jessica Martinez,jessica.martinez@outlook.com,+1-239-659-4281,Los Angeles,2020-02-07,1
317,318,1450,Chevrolet,Equinox,2017,QFL-7907,3.98,2019-07-03,1,1450,Rachel Lee,rachel.lee@hotmail.com,+1-667-185-5164,Houston,2024-04-09,1
318,319,690,Tesla,Model S,2014,SRC-9703,4.42,2020-02-05,1,690,Robert Campbell,robert.campbell@yahoo.com,+1-870-100-3579,New York,2020-07-19,1
319,320,878,Tesla,Cybertruck,2019,PQW-7032,4.34,2023-09-18,1,878,Ashley Perez,ashley.perez@gmail.com,+1-518-727-6549,Houston,2019-04-14,1
320,321,593,Hyundai,Santa Fe,2014,XYP-9749,4.38,2021-09-28,1,593,Matthew Sanders,matthew.sanders@outlook.com,+1-310-875-7790,New York,2024-03-12,1
321,322,1373,Subaru,Crosstrek,2019,GWD-7598,4.45,2023-07-10,1,1373,Ronald Parker,ronald.parker@gmail.com,+1-977-407-9801,Chicago,2022-02-06,1
322,323,645,Tesla,Model X,2017,VHT-6119,4.95,2023-12-20,1,645,Heather Nelson,heather.nelson@hotmail.com,+1-673-556-6877,Los Angeles,2021-09-24,1
323,324,1741,Kia,Sorento,2012,DWX-0832,3.85,2020-09-27,1,1741,Patrick Rivera,patrick.rivera@gmail.com,+1-361-394-2225,Chicago,2023-10-14,1
324,325,726,Ford,Fusion,2017,WBA-3026,3.77,2019-12-23,1,726,Lisa White,lisa.white@gmail.com,+1-328-845-4844,Los Angeles,2024-04-10,1
325,326,1331,Nissan,Rogue,2016,WNK-5944,4.99,2020-08-28,1,1331,William Evans,william.evans@icloud.com,+1-452-638-6388,Houston,2021-07-31,1
326,327,1243,Kia,Sportage,2022,UTH-4718,4.56,2021-06-25,1,1243,Emma Perez,emma.perez@yahoo.com,+1-750-533-8401,New York,2019-01-03,1
327,328,1313,Nissan,Sentra,2013,NVE-5871,2.84,2020-03-20,0,1313,Joshua Torres,joshua.torres@outlook.com,+1-613-515-1194,Houston,2022-09-01,1
328,329,842,Toyota,RAV4,2021,CKA-0221,4.19,2019-07-20,1,842,Christine Allen,christine.allen@gmail.com,+1-669-609-9169,New York,2022-05-30,1
329,330,1975,Mazda,Mazda6,2019,KSR-1134,4.96,2022-07-26,1,1975,Maria Sanchez,maria.sanchez@outlook.com,+1-335-400-2061,New York,2020-02-28,1
330,331,1605,Nissan,Pathfinder,2014,KWY-3657,4.18,2023-02-06,1,1605,Mark Flores,mark.flores@icloud.com,+1-590-217-4204,Houston,2024-04-30,1
331,332,1288,Mazda,Mazda6,2023,CBW-7961,3.82,2021-11-24,1,1288,Jack Nelson,jack.nelson@protonmail.com,+1-584-310-7558,Chicago,2023-08-19,1
332,333,665,Chevrolet,Impala,2022,PEW-0119,3.82,2021-09-21,1,665,Pamela Cox,pamela.cox@yahoo.com,+1-337-744-9399,New York,2023-12-30,1
333,334,1532,Ford,Fusion,2023,LHW-0351,3.99,2021-06-14,1,1532,Angela Torres,angela.torres@yahoo.com,+1-201-329-1393,Chicago,2021-05-24,1
334,335,1060,Chevrolet,Impala,2020,EPH-4467,3.83,2023-12-12,1,1060,Ryan Peterson,ryan.peterson@protonmail.com,+1-892-187-2953,Chicago,2021-03-19,1
335,336,601,Kia,Sorento,2015,YPG-2876,3.77,2021-12-02,1,601,Christine Sanders,christine.sanders@outlook.com,+1-903-453-3173,Chicago,2021-10-28,1
336,337,2,Tesla,Cybertruck,2019,APL-1365,4.87,2023-06-12,1,2,Justin Young,justin.young@icloud.com,+1-808-140-2343,Houston,2022-09-08,1
337,338,1979,Honda,Civic,2019,SVD-9951,3.65,2019-12-19,0,1979,Jonathan Nguyen,jonathan.nguyen@hotmail.com,+1-272-901-7833,Los Angeles,2023-12-15,1
338,339,1561,Ford,Escape,2018,TTB-1007,4.72,2023-04-05,1,1561,Timothy Richardson,timothy.richardson@outlook.com,+1-228-345-5623,Chicago,2022-01-14,1
339,340,1607,Subaru,Crosstrek,2020,NPJ-2773,3.78,2022-12-27,1,1607,Melissa Lewis,melissa.lewis@icloud.com,+1-490-374-5333,Los Angeles,2023-09-14,1
340,341,1983,Mazda,CX-9,2012,VYU-8009,4.08,2019-11-15,1,1983,Jessica Wilson,jessica.wilson@yahoo.com,+1-468-876-2831,Chicago,2021-01-20,1
341,342,467,Tesla,Cybertruck,2017,CBW-1278,3.53,2020-04-01,1,467,Raymond Phillips,raymond.phillips@hotmail.com,+1-230-491-7990,Chicago,2020-12-25,1
342,343,1649,Tesla,Model Y,2023,YTR-0128,3.59,2020-07-07,1,1649,Melissa Watson,melissa.watson@gmail.com,+1-229-329-1783,New York,2019-10-12,1
343,344,1790,Toyota,Highlander,2018,ZBS-4613,4.6,2020-01-23,1,1790,Rachel Hernandez,rachel.hernandez@gmail.com,+1-429-678-9249,Houston,2022-01-08,1
344,345,258,Chevrolet,Equinox,2013,WYZ-4711,4.51,2020-01-24,1,258,Amy Diaz,amy.diaz@protonmail.com,+1-888-581-5681,New York,2023-10-02,1
345,346,1111,Honda,Pilot,2018,CXB-6013,4.29,2021-11-13,1,1111,Donald Edwards,donald.edwards@hotmail.com,+1-208-502-5186,Los Angeles,2019-07-04,1
346,347,1865,Chevrolet,Equinox,2021,TFH-1320,4.48,2023-02-22,1,1865,Anna Allen,anna.allen@hotmail.com,+1-673-315-6409,Chicago,2019-12-03,1
347,348,15,Nissan,Maxima,2013,DUE-0053,4.88,2019-06-18,1,15,Timothy Garcia,timothy.garcia@outlook.com,+1-415-798-5088,New York,2020-12-25,1
348,349,1472,Tesla,Model S,2014,DGD-8573,4.58,2023-11-06,1,1472,Sarah Morgan,sarah.morgan@outlook.com,+1-252-532-9118,Houston,2019-12-16,1
349,350,765,Honda,Accord,2015,TPJ-7587,4.18,2020-03-17,1,765,Nancy Williams,nancy.williams@icloud.com,+1-572-894-4912,Los Angeles,2023-01-16,1
350,351,1267,Nissan,Sentra,2018,YPN-3718,3.61,2023-07-30,1,1267,Pamela Brown,pamela.brown@protonmail.com,+1-431-806-7943,New York,2024-02-22,1
351,352,1530,Ford,Fusion,2014,ZYL-3124,3.52,2019-10-04,0,1530,Brian Murphy,brian.murphy@yahoo.com,+1-449-157-9905,Los Angeles,2022-07-09,1
352,353,506,Subaru,Outback,2018,LQK-1859,3.98,2020-04-20,1,506,Linda Martin,linda.martin@protonmail.com,+1-883-199-2404,Los Angeles,2023-07-14,1
353,354,1507,Toyota,Corolla,2023,TGF-1694,4.87,2023-01-01,1,1507,Eric Williams,eric.williams@yahoo.com,+1-813-380-3112,Los Angeles,2019-04-04,1
354,355,1397,Subaru,Impreza,2018,XHB-4693,3.76,2020-10-17,1,1397,Jonathan Wright,jonathan.wright@hotmail.com,+1-684-875-6521,Houston,2020-11-20,1
355,356,225,Nissan,Pathfinder,2013,DVM-0001,3.68,2020-07-29,1,225,Michelle Reyes,michelle.reyes@outlook.com,+1-513-556-7981,Chicago,2022-11-13,1
356,357,470,Toyota,Prius,2020,FLG-9440,2.67,2023-06-28,0,470,Larry Murphy,larry.murphy@gmail.com,+1-289-386-7275,Chicago,2021-05-08,1
357,358,1222,Hyundai,Santa Fe,2013,DAT-9741,3.27,2020-10-17,0,1222,Nancy Powell,nancy.powell@hotmail.com,+1-202-225-9970,Los Angeles,2019-05-19,1
358,359,192,Toyota,Prius,2023,FBB-8352,4.7,2020-05-24,1,192,Brandon Foster,brandon.foster@gmail.com,+1-517-672-7171,Los Angeles,2023-07-24,1
359,360,1135,Honda,Civic,2012,ALJ-8647,4.24,2020-07-23,1,1135,Carol Morris,carol.morris@yahoo.com,+1-291-424-9690,Houston,2019-10-18,1
360,361,271,Honda,Odyssey,2012,JZV-7618,4.88,2021-11-12,1,271,Janet Young,janet.young@gmail.com,+1-786-817-2800,Chicago,2019-02-08,1
361,362,1853,Kia,Sportage,2014,BQN-8640,4.1,2021-10-19,1,1853,Donna Nelson,donna.nelson@yahoo.com,+1-845-185-2562,Chicago,2020-03-01,1
362,363,469,Honda,CR-V,2017,RAB-1444,3.56,2023-08-12,1,469,Christine Wood,christine.wood@yahoo.com,+1-862-402-9173,Houston,2023-12-13,1
363,364,164,Nissan,Maxima,2015,PYB-7786,3.5,2020-10-23,1,164,Debra Brown,debra.brown@gmail.com,+1-964-643-4524,Houston,2021-05-09,1
364,365,1606,Honda,CR-V,2014,BQN-8288,4.09,2022-10-24,1,1606,Jessica Hall,jessica.hall@hotmail.com,+1-622-940-7484,New York,2024-04-08,1
365,366,818,Mazda,CX-9,2022,FBM-4146,3.65,2021-07-22,1,818,Charles James,charles.james@icloud.com,+1-361-425-2111,New York,2020-01-13,1
366,367,125,Honda,Civic,2015,MYM-5287,3.82,2023-04-11,1,125,Raymond Reyes,raymond.reyes@protonmail.com,+1-340-743-2591,New York,2020-09-24,1
367,368,1380,Mazda,MX-5,2021,GPC-6808,4.83,2023-02-12,1,1380,Patrick Rivera,patrick.rivera@protonmail.com,+1-905-477-1945,Houston,2024-03-12,1
368,369,224,Ford,Fusion,2015,MNV-5100,4.5,2019-07-27,1,224,Sharon Richardson,sharon.richardson@yahoo.com,+1-758-400-6262,New York,2019-06-13,1
369,370,1198,Nissan,Altima,2020,YVF-6755,4.67,2021-12-05,1,1198,Lisa Collins,lisa.collins@gmail.com,+1-602-877-1607,Chicago,2024-01-23,1
370,371,1227,Ford,Fusion,2013,ZZT-5699,4.72,2019-10-23,1,1227,Emma Garcia,emma.garcia@protonmail.com,+1-653-853-5544,New York,2023-11-09,1
371,372,1494,Mazda,CX-9,2016,HDU-4835,4.36,2021-11-18,1,1494,Michael Carter,michael.carter@hotmail.com,+1-737-413-4791,Chicago,2020-11-19,1
372,373,1497,Mazda,CX-5,2019,YNB-0543,4.74,2020-06-03,1,1497,Michael White,michael.white@gmail.com,+1-200-153-6269,Chicago,2020-08-07,1
373,374,570,Chevrolet,Silverado,2021,CQC-6018,4.39,2023-11-07,1,570,Emily Campbell,emily.campbell@protonmail.com,+1-520-536-2898,New York,2023-10-10,1
374,375,1984,Ford,Mustang,2022,LXD-7396,4.5,2019-09-11,1,1984,Jason Reyes,jason.reyes@outlook.com,+1-345-348-8906,Chicago,2020-06-25,1
375,376,491,Nissan,Altima,2021,JTG-7743,4.03,2023-01-06,0,491,Dorothy Clark,dorothy.clark@yahoo.com,+1-909-169-6742,Los Angeles,2023-05-31,1
376,377,142,Chevrolet,Equinox,2019,GXS-5331,4.37,2023-12-05,1,142,Thomas Kelly,thomas.kelly@yahoo.com,+1-270-949-4394,Chicago,2023-07-24,1
377,378,776,Kia,Soul,2016,RXY-7263,3.9,2022-11-04,1,776,Diane Gomez,diane.gomez@hotmail.com,+1-964-208-6864,Houston,2022-12-09,1
378,379,1350,Kia,Optima,2016,LHB-0511,4.03,2023-09-04,1,1350,Richard Cruz,richard.cruz@yahoo.com,+1-941-271-1721,Houston,2021-11-15,1
379,380,323,Chevrolet,Silverado,2016,PDN-5725,4.25,2022-11-09,1,323,Raymond Harris,raymond.harris@gmail.com,+1-474-486-1647,New York,2020-01-21,1
380,381,143,Toyota,Prius,2014,ZKD-9560,3.92,2019-11-30,0,143,Sandra Nelson,sandra.nelson@yahoo.com,+1-810-102-5542,Chicago,2019-09-24,1
381,382,1890,Nissan,Altima,2015,ZCX-9269,3.74,2020-07-23,1,1890,Rebecca Thomas,rebecca.thomas@gmail.com,+1-654-752-2021,Los Angeles,2019-07-19,1
382,383,458,Kia,Optima,2015,FTX-3902,3.64,2021-04-11,1,458,Anthony Stewart,anthony.stewart@outlook.com,+1-674-371-2964,New York,2019-11-19,1
383,384,1939,Toyota,Corolla,2017,XGH-1103,2.83,2021-01-13,0,1939,Cynthia Torres,cynthia.torres@gmail.com,+1-324-988-9021,Houston,2021-01-21,1
384,385,202,Nissan,Altima,2021,KWM-7890,4.55,2022-09-30,1,202,Christopher Sanchez,christopher.sanchez@icloud.com,+1-341-993-5096,New York,2022-08-06,1
385,386,695,Mazda,MX-5,2020,RPY-7845,2.64,2020-12-06,0,695,Joseph Morgan,joseph.morgan@outlook.com,+1-750-932-5098,Houston,2024-06-01,1
386,387,1427,Kia,Stinger,2013,UWQ-9695,4.31,2023-12-05,1,1427,Thomas Adams,thomas.adams@icloud.com,+1-255-970-5981,Houston,2022-09-02,1
387,388,647,Chevrolet,Impala,2018,SPH-5568,4.38,2021-03-04,1,647,Sarah Reed,sarah.reed@yahoo.com,+1-469-851-2252,New York,2024-01-02,1
388,389,1548,Toyota,Camry,2013,QTS-0643,4.07,2023-04-23,1,1548,Diane Moore,diane.moore@gmail.com,+1-912-820-3344,Houston,2023-02-10,1
389,390,115,Toyota,RAV4,2013,BBS-0857,3.81,2021-03-05,1,115,Patricia Garcia,patricia.garcia@outlook.com,+1-257-400-6873,Los Angeles,2021-06-01,1
390,391,438,Chevrolet,Silverado,2023,RCP-3530,3.62,2022-08-16,0,438,Maria Howard,maria.howard@protonmail.com,+1-278-608-8457,Los Angeles,2019-04-24,1
391,392,1183,Nissan,Sentra,2016,NPE-2338,4.61,2022-07-15,1,1183,Amy Hill,amy.hill@yahoo.com,+1-414-670-1770,New York,2021-01-04,1
392,393,1830,Tesla,Model X,2018,MBU-2073,4.05,2023-08-27,1,1830,Laura Adams,laura.adams@yahoo.com,+1-878-535-2897,Chicago,2021-08-09,1
393,394,1993,Subaru,Impreza,2020,XPU-3327,3.54,2020-02-23,1,1993,Christine Perez,christine.perez@outlook.com,+1-859-259-9209,Los Angeles,2021-12-07,1
394,395,540,Chevrolet,Traverse,2016,VXU-8147,3.17,2021-04-15,0,540,Patrick Howard,patrick.howard@yahoo.com,+1-551-843-4643,Houston,2024-01-31,1
395,396,571,Tesla,Cybertruck,2017,FBS-6111,4.94,2023-11-21,1,571,Jennifer Johnson,jennifer.johnson@yahoo.com,+1-879-762-3793,Los Angeles,2021-01-02,1
396,397,1658,Subaru,Legacy,2019,SMK-7631,4.56,2019-12-22,1,1658,Barbara Martinez,barbara.martinez@hotmail.com,+1-261-317-1215,Chicago,2021-08-16,1
397,398,1764,Honda,CR-V,2020,VGV-6909,3.66,2022-09-18,1,1764,David Davis,david.davis@outlook.com,+1-824-493-9115,New York,2023-11-02,1
398,399,446,Mazda,CX-9,2019,TZD-8159,4.68,2019-06-28,1,446,Larry Flores,larry.flores@gmail.com,+1-577-305-5777,Los Angeles,2023-02-23,1
399,400,1933,Nissan,Pathfinder,2014,ZKG-1807,3.58,2022-05-18,1,1933,Kevin Taylor,kevin.taylor@icloud.com,+1-719-493-8449,New York,2021-09-22,1
